<?xml version="1.0" encoding="UTF-8" ?>
<!DOCTYPE mapper PUBLIC "-//mybatis.org//DTD Mapper 3.0//EN" "http://mybatis.org/dtd/mybatis-3-mapper.dtd" >
<mapper namespace="com.example.demo.mapper.UserMapper">
    <select id="getUserInfo" parameterType="java.lang.String" resultType="com.example.demo.pojo.UserInfo">
        select user_id,user_mail,user_name,user_tags,sex,age,address,major,degree,introduction,usage_time,
          (select COUNT(*) from question where user_id=#{id} )as Question_sum ,
(select count(*) from `comment` where user_id=#{id}) as Comment_sum  from user_info where user_id=#{id}
    </select>


    <insert id="uploadImg" useGeneratedKeys="true">
        insert into user_photo(user_id,photo) values(#{id},#{file}) on duplicate key update
        user_id=values (user_id), photo=values(photo)
    </insert>

    <select id="getPhoto" resultType="java.lang.String">
        select photo from user_photo where user_id=#{id}
    </select>

    <select id="checkEmailAndID" parameterType="java.lang.String" resultType="java.lang.String">
        select u.user_mail from user_info u where u.user_id=#{id}
    </select>

    <update id="changePsw" parameterType="java.lang.String">
        update user_info u set u.user_psw=#{psw} where u.user_id=#{id}
    </update>

    <select id="checkPsw" parameterType="java.lang.String" resultType="java.lang.String">
        select u.user_psw from user_info u where u.user_id=#{id}
    </select>

    <update id="changeInfo" parameterType="java.lang.AutoCloseable">
        update user_info u set u.sex=#{sex},u.age=#{age},u.address=#{address},u.major=#{major},u.degree=#{degree},
                               u.introduction=#{introduction}, u.usage_time=#{usage_time}  where u.user_id=#{id}
    </update>

</mapper>